Date,Weight,Nutrition,Exercise,source_file,source_sheet
2025-09-24,128.8,,100 Bicep Curls,C:\Users\anbal\Downloads\useless.xlsx,Health
2025-05-31,,,,C:\Users\anbal\Downloads\1\Hobby smol.xlsx,Youtube
2025-06-01,,,,C:\Users\anbal\Downloads\1\Hobby smol.xlsx,Youtube
2025-06-02,,,,C:\Users\anbal\Downloads\1\Hobby smol.xlsx,Youtube
2025-06-02,,,,C:\Users\anbal\Downloads\1\Hobby smol.xlsx,Youtube
2025-06-02,,,,C:\Users\anbal\Downloads\1\Karma.xlsx,Spotify
2025-06-03,,,,C:\Users\anbal\Downloads\1\Karma.xlsx,Spotify
2025-09-09,,Cod Liver Oil,60 Bicep Curls,C:\Users\anbal\Downloads\10k\Health.xlsx,Health
2025-10-18,129.4,Electrolyte Drink,,C:\Users\anbal\Downloads\addictionn\Health.xlsx,Health
2025-10-19,,,,C:\Users\anbal\Downloads\bomeearyter\Career.xlsx,Job Application
2025-10-19,,,,C:\Users\anbal\Downloads\bomeearyter\Career.xlsx,Job Application
2025-10-19,,,,C:\Users\anbal\Downloads\bomeearyter\Career.xlsx,Job Application
2025-10-20,,,,C:\Users\anbal\Downloads\bomeearyter\Career.xlsx,Job Application
2025-10-19,129.4,,60 Bicep Curls,C:\Users\anbal\Downloads\bomeearyter\Health.xlsx,Health
2025-10-20,129.2,,60 Bicep Curls,C:\Users\anbal\Downloads\bomeearyter\Health.xlsx,Health
2025-10-19,,,,C:\Users\anbal\Downloads\bomeearyter\Hobby.xlsx,Hobby
2025-10-19,,,,C:\Users\anbal\Downloads\bomeearyter\Hobby.xlsx,Hobby
2025-10-19,,,,C:\Users\anbal\Downloads\bomeearyter\Relationship.xlsx,Relationship
2025-10-19,,,,C:\Users\anbal\Downloads\bomeearyter\Relationship.xlsx,Relationship
2025-10-19,,,,C:\Users\anbal\Downloads\bomeearyter\Relationship.xlsx,Relationship
2025-10-19,,,,C:\Users\anbal\Downloads\bomeearyter\Wealth.xlsx,Expenditure
2025-10-19,,,,C:\Users\anbal\Downloads\bomeearyter\Wealth.xlsx,Expenditure
2025-08-24,129.6,Black Coffee,100 Bicep Curls,C:\Users\anbal\Downloads\chill\Health.xlsx,Health
2025-08-21,132.6,2 Black Coffee,100 Bicep Curls,C:\Users\anbal\Downloads\CONTAIN N CONTROL\Health.xlsx,Health
2025-10-12,128.8,Electrolyte Drink,60 Bicep Curls,C:\Users\anbal\Downloads\DEATH\Progression.xlsx,Health
2025-09-25,128.6,2 Electrolyte Drink,60 Bicep Curls,C:\Users\anbal\Downloads\desire\Health.xlsx,Health
2025-08-25,,,,C:\Users\anbal\Downloads\desire\Relationship.xlsx,Relationship
2025-08-25,,,,C:\Users\anbal\Downloads\desire\Relationship.xlsx,Relationship
2025-09-27,129.2,Electrolyte Drink,60 Bicep Curls,C:\Users\anbal\Downloads\FAILED\Health.xlsx,Health
2025-09-27,,,,C:\Users\anbal\Downloads\FAILED\Hobby.xlsx,Video Gaming
2025-08-08,129.4,2 Electrolyte Drink,,C:\Users\anbal\Downloads\fails\Health.xlsx,Health
2025-10-17,129,Electrolyte Drink,,C:\Users\anbal\Downloads\FUYCKINGSIUODFHUSIPHDUAIOSHDIAOUHSDIAUHSDIHAIDHA\Health.xlsx,Health
2025-08-12,,,,C:\Users\anbal\Downloads\HONKAIWQ\Hobby.xlsx,PC Gaming
2025-07-14,132.8,4L water,100 Bicep Curls,C:\Users\anbal\Downloads\I HAD ENOUGH IS ENOUGHHHH\Health.xlsx,Sheet1
2025-09-08,128.4,Electrolyte Drink,60 Bicep Curls,C:\Users\anbal\Downloads\INDULGANCE\Health.xlsx,Health
2025-08-10,129.2,Electrolyte Drink,100 Bicep Curls,C:\Users\anbal\Downloads\jinwu\Health.xlsx,Health
2025-08-10,,,,C:\Users\anbal\Downloads\jinwu\Hobby.xlsx,PC Gaming
2025-08-25,131,Black Coffee,100 Bicep Curls,C:\Users\anbal\Downloads\kalpass\Health.xlsx,Health
2025-08-25,,,,C:\Users\anbal\Downloads\kalpass\Relationship.xlsx,Relationship
2025-08-25,,,,C:\Users\anbal\Downloads\kalpass\Wealth.xlsx,Expenditure
2025-10-09,128.6,3 Electrolyte Drink,60 Bicep Curls,C:\Users\anbal\Downloads\LOOPED\Progression.xlsx,Health
2025-10-10,127.4,Electrolyte Drink,60 Bicep Curls,C:\Users\anbal\Downloads\LOOPED\Progression.xlsx,Health
2025-08-03,129.8,4L water,,C:\Users\anbal\Downloads\LOSER\Health.xlsx,Health
2025-08-22,129.2,2 Black Coffee,100 Bicep Curls,C:\Users\anbal\Downloads\mathematics\Health.xlsx,Health
2025-08-22,,,,C:\Users\anbal\Downloads\mathematics\Hobby.xlsx,PC Gaming
2025-08-01,131,Electrolyte Drink,100 Bicep Curls,C:\Users\anbal\Downloads\NAVY HERON\Health.xlsx,Sheet1
2025-07-22,,,,C:\Users\anbal\Downloads\OKOKOK I LEARNT\Career.xlsx,Career
2025-07-22,130,2 Black Coffee,100 Bicep Curls,C:\Users\anbal\Downloads\OKOKOK I LEARNT\Health.xlsx,Health
2025-07-23,131.2,Black Coffeee,100 Bicep Curls,C:\Users\anbal\Downloads\OKOKOK I LEARNT\Health.xlsx,Health
2025-07-22,,,,C:\Users\anbal\Downloads\OKOKOK I LEARNT\Hobby.xlsx,Manga
2025-07-23,,,,C:\Users\anbal\Downloads\OKOKOK I LEARNT\Hobby.xlsx,Manga
2025-07-22,,,,C:\Users\anbal\Downloads\OKOKOK I LEARNT\Relationship.xlsx,Relationship
2025-07-22,,,,C:\Users\anbal\Downloads\OKOKOK I LEARNT\Relationship.xlsx,Relationship
2025-07-22,,,,C:\Users\anbal\Downloads\OKOKOK I LEARNT\Wealth.xlsx,Expenditure
2025-08-07,,Keto Crunch,100 Bicep Curls,C:\Users\anbal\Downloads\paradise lost\Health.xlsx,Health
2025-08-07,,,,C:\Users\anbal\Downloads\paradise lost\Hobby.xlsx,PC Gaming
2025-08-07,,,,C:\Users\anbal\Downloads\paradise lost\Wealth.xlsx,Expenditure
2025-08-07,,,,C:\Users\anbal\Downloads\paradise lost\Wealth.xlsx,Expenditure
2025-10-05,129.4,Black Coffee,60 Bicep Curls,C:\Users\anbal\Downloads\PATHETIC ADHD LOOSER DIE DIE DIE NO SELF CONTROL FREE WILL IS LIE\Health.xlsx,Health
2025-10-01,127.2,Electrolyte Drink,60 Bicep Curls,C:\Users\anbal\Downloads\preserve\Health.xlsx,Health
2025-10-01,,,,C:\Users\anbal\Downloads\preserve\Hobby.xlsx,Anime
2025-10-01,,,,C:\Users\anbal\Downloads\preserve\Relationship.xlsx,Relationship
2025-10-01,,,,C:\Users\anbal\Downloads\preserve\Wealth.xlsx,Expenditure
2025-06-27,137,,60 Bicep Curls,C:\Users\anbal\Downloads\Sairam Anbalagan\28.xlsx,Routine
2025-06-28,137,,60 Bicep Curls,C:\Users\anbal\Downloads\Sairam Anbalagan\28.xlsx,Routine
2025-10-31,,,,C:\Users\anbal\Downloads\Sairam Anbalagan\Dopamine.xlsx,Dopamine
2025-10-31,128.2,2 Electrolyte Drink,60 Bicep Curls,C:\Users\anbal\Downloads\Sairam Anbalagan\Health.xlsx,Health
2025-05-30,,,,C:\Users\anbal\Downloads\Sairam Anbalagan\Mental Health.xlsx,Meditation
2025-05-31,,,,C:\Users\anbal\Downloads\Sairam Anbalagan\Mental Health.xlsx,Meditation
2025-06-01,,,,C:\Users\anbal\Downloads\Sairam Anbalagan\Mental Health.xlsx,Meditation
2025-06-04,,,,C:\Users\anbal\Downloads\Sairam Anbalagan\Mental Health.xlsx,Meditation
2025-06-07,,,,C:\Users\anbal\Downloads\Sairam Anbalagan\Mental Health.xlsx,Meditation
2025-05-03,158,Black Coffee,60 Bicep Curls,C:\Users\anbal\Downloads\Sairam Anbalagan\Routine.xlsx,Routine
2025-05-04,153.4,Black Coffee,60 Bicep Curls,C:\Users\anbal\Downloads\Sairam Anbalagan\Routine.xlsx,Routine
2025-05-05,152.2,Black Coffee,60 Shoulder Press,C:\Users\anbal\Downloads\Sairam Anbalagan\Routine.xlsx,Routine
2025-05-06,151.2,Black Coffee,60 Shoulder Press,C:\Users\anbal\Downloads\Sairam Anbalagan\Routine.xlsx,Routine
2025-05-07,152.8,Black Coffee,60 Bicep Curls,C:\Users\anbal\Downloads\Sairam Anbalagan\Routine.xlsx,Routine
2025-05-08,151.4,Black Coffee,60 Bicep Curls,C:\Users\anbal\Downloads\Sairam Anbalagan\Routine.xlsx,Routine
2025-05-09,150.6,Black Coffee,60 Bicep Curls,C:\Users\anbal\Downloads\Sairam Anbalagan\Routine.xlsx,Routine
2025-05-10,151.6,2x Black Coffee,60 Bicep Curls,C:\Users\anbal\Downloads\Sairam Anbalagan\Routine.xlsx,Routine
2025-05-11,151.4,Bulletproof Coffee,60 Bicep Curls,C:\Users\anbal\Downloads\Sairam Anbalagan\Routine.xlsx,Routine
2025-05-12,150.8,Black Coffee,60 Bicep Curls,C:\Users\anbal\Downloads\Sairam Anbalagan\Routine.xlsx,Routine
2025-05-13,150.4,Black Coffee,100 Bicep Curls,C:\Users\anbal\Downloads\Sairam Anbalagan\Routine.xlsx,Routine
2025-05-14,150.4,Electrolyte Drink,100 Bicep Curls,C:\Users\anbal\Downloads\Sairam Anbalagan\Routine.xlsx,Routine
2025-05-15,149.4,Black Coffee,100 Bicep Curls,C:\Users\anbal\Downloads\Sairam Anbalagan\Routine.xlsx,Routine
2025-05-16,150,Black Coffee,80 Bicep Curls,C:\Users\anbal\Downloads\Sairam Anbalagan\Routine.xlsx,Routine
2025-05-17,149.2,Electrolyte Drink,60 Bicep Curls,C:\Users\anbal\Downloads\Sairam Anbalagan\Routine.xlsx,Routine
2025-05-18,148.8,Bistro Salad,60 Bicep Curls,C:\Users\anbal\Downloads\Sairam Anbalagan\Routine.xlsx,Routine
2025-05-19,148.4,Bulletproof Coffee,80 Bicep Curls,C:\Users\anbal\Downloads\Sairam Anbalagan\Routine.xlsx,Routine
2025-05-20,149.8,Black Coffee,60 Bicep Curls,C:\Users\anbal\Downloads\Sairam Anbalagan\Routine.xlsx,Routine
2025-05-21,147.8,Bulletproof Coffee,60 Bicep Curls,C:\Users\anbal\Downloads\Sairam Anbalagan\Routine.xlsx,Routine
2025-05-22,147.6,Coffee,60 Bicep Curls,C:\Users\anbal\Downloads\Sairam Anbalagan\Routine.xlsx,Routine
2025-05-23,148.2,2 Coffee,60 Bicep Curls,C:\Users\anbal\Downloads\Sairam Anbalagan\Routine.xlsx,Routine
2025-05-24,146.6,Bulletproof Coffee,100 Bicep Curls,C:\Users\anbal\Downloads\Sairam Anbalagan\Routine.xlsx,Routine
2025-05-25,147.2,Coffee,120 Bicep Curls,C:\Users\anbal\Downloads\Sairam Anbalagan\Routine.xlsx,Routine
2025-05-26,146.8,2 Coffee,100 Bicep Curls,C:\Users\anbal\Downloads\Sairam Anbalagan\Routine.xlsx,Routine
2025-05-27,146.2,2 Coffee,100 Bicep Curls,C:\Users\anbal\Downloads\Sairam Anbalagan\Routine.xlsx,Routine
2025-05-28,147.2,Black Coffee,100 Bicep Curls,C:\Users\anbal\Downloads\Sairam Anbalagan\Routine.xlsx,Routine
2025-05-29,146.2,Black Coffee,60 Bicep Curls,C:\Users\anbal\Downloads\Sairam Anbalagan\Routine.xlsx,Routine
2025-05-30,146,2 Black Coffee,60 Bicep Curls,C:\Users\anbal\Downloads\Sairam Anbalagan\Routine.xlsx,Routine
2025-05-31,144.2,2 Black Coffee,60 Bicep Curls,C:\Users\anbal\Downloads\Sairam Anbalagan\Routine.xlsx,Routine
2025-06-01,143.8,Black Coffee,60 Bicep Curls,C:\Users\anbal\Downloads\Sairam Anbalagan\Routine.xlsx,Routine
2025-06-02,145,2 Black Coffee,100 Bicep Curls,C:\Users\anbal\Downloads\Sairam Anbalagan\Routine.xlsx,Routine
2025-06-03,143.6,2 Black Coffee,60 Bicep Curls,C:\Users\anbal\Downloads\Sairam Anbalagan\Routine.xlsx,Routine
2025-06-04,144.2,Black Coffee,100 Bicep Curls,C:\Users\anbal\Downloads\Sairam Anbalagan\Routine.xlsx,Routine
2025-06-05,142.2,2 Black Coffee,60 Bicep Curls,C:\Users\anbal\Downloads\Sairam Anbalagan\Routine.xlsx,Routine
2025-06-06,143.4,Black Coffee,60 Bicep Curls,C:\Users\anbal\Downloads\Sairam Anbalagan\Routine.xlsx,Routine
2025-06-07,144,Black Coffee,100 Bicep Curls,C:\Users\anbal\Downloads\Sairam Anbalagan\Routine.xlsx,Routine
2025-06-08,142.8,2 Black Coffee,60 Bicep Curls,C:\Users\anbal\Downloads\Sairam Anbalagan\Routine.xlsx,Routine
2025-06-09,143.6,Black Coffee,100 Bicep Curls,C:\Users\anbal\Downloads\Sairam Anbalagan\Routine.xlsx,Routine
2025-06-10,143.4,Black Coffee,60 Bicep Curls,C:\Users\anbal\Downloads\Sairam Anbalagan\Routine.xlsx,Routine
2025-06-11,142.8,2 Black Coffee,80 Bicep Curls,C:\Users\anbal\Downloads\Sairam Anbalagan\Routine.xlsx,Routine
2025-06-12,142,2 Black Coffee,60 Bicep Curls,C:\Users\anbal\Downloads\Sairam Anbalagan\Routine.xlsx,Routine
2025-06-13,141.8,Black Coffee,60 Bicep Curls,C:\Users\anbal\Downloads\Sairam Anbalagan\Routine.xlsx,Routine
2025-06-14,140.2,2 Black Coffee,100 Bicep Curls,C:\Users\anbal\Downloads\Sairam Anbalagan\Routine.xlsx,Routine
2025-06-15,140.6,2 Black Coffee,60 Bicep Curls,C:\Users\anbal\Downloads\Sairam Anbalagan\Routine.xlsx,Routine
2025-06-16,140,Black Coffee,100 Bicep Curls,C:\Users\anbal\Downloads\Sairam Anbalagan\Routine.xlsx,Routine
2025-06-17,139.8,2 Black Coffee,60 Bicep Curls,C:\Users\anbal\Downloads\Sairam Anbalagan\Routine.xlsx,Routine
2025-06-18,139.6,Black Coffee,60 Bicep Curls,C:\Users\anbal\Downloads\Sairam Anbalagan\Routine.xlsx,Routine
2025-06-19,140,2 Black Coffee,60 Bicep Curls,C:\Users\anbal\Downloads\Sairam Anbalagan\Routine.xlsx,Routine
2025-06-20,138.6,Black Coffee,60 Bicep Curls,C:\Users\anbal\Downloads\Sairam Anbalagan\Routine.xlsx,Routine
2025-06-21,140.6,2 Black Coffee,60 Bicep Curls,C:\Users\anbal\Downloads\Sairam Anbalagan\Routine.xlsx,Routine
2025-06-22,138.6,,60 Bicep Curls,C:\Users\anbal\Downloads\Sairam Anbalagan\Survive and Reproduce.xlsx,Health
2025-06-23,137.4,,60 Bicep Curls,C:\Users\anbal\Downloads\Sairam Anbalagan\Survive and Reproduce.xlsx,Health
2025-06-24,139.2,,60 Bicep Curls,C:\Users\anbal\Downloads\Sairam Anbalagan\Survive and Reproduce.xlsx,Health
2025-06-25,136.6,,60 Bicep Curls,C:\Users\anbal\Downloads\Sairam Anbalagan\Survive and Reproduce.xlsx,Health
2025-06-26,136.4,,60 Bicep Curls,C:\Users\anbal\Downloads\Sairam Anbalagan\Survive and Reproduce.xlsx,Health
2025-06-07,,,,C:\Users\anbal\Downloads\Sairam Anbalagan\Wealth.xlsx,Expenditure
2025-08-29,,Electrolyte Drink,100 Bicep Curls,C:\Users\anbal\Downloads\the end of road\Health.xlsx,Health
2025-09-17,130.6,2 Black Coffee,60 Bicep Curls,C:\Users\anbal\Downloads\The FALL\Health.xlsx,Health
2025-09-17,,,,C:\Users\anbal\Downloads\The FALL\Relationship.xlsx,Relationship
2025-09-17,,,,C:\Users\anbal\Downloads\The FALL\Wealth.xlsx,Expenditure
2025-10-23,130.4,3 Electrolyte Drink,120 Bicep Curls,C:\Users\anbal\Downloads\TIRED\Sairam Anbalagan.xlsx,Health
2025-10-24,128.8,Electrolyte Drink,120 Bicep Curls,C:\Users\anbal\Downloads\TIRED\Sairam Anbalagan.xlsx,Health
2025-08-26,130,3 Black Coffee,100 Bicep Curls,C:\Users\anbal\Downloads\TOO RICH\Health.xlsx,Health
2025-08-27,129,Black Coffee,100 Bicep Curls,C:\Users\anbal\Downloads\TOO RICH\Health.xlsx,Health
2025-08-26,,,,C:\Users\anbal\Downloads\TOO RICH\Relationship.xlsx,Sheet1
2025-08-26,,,,C:\Users\anbal\Downloads\TOO RICH\Wealth.xlsx,Expenditure
2025-10-08,133.2,2 Electrolyte Drink,60 Bicep Curls,C:\Users\anbal\Downloads\very important\Sairam Anbalagan.xlsx,Health
2025-08-05,128.6,4L water,100 Bicep Curls,C:\Users\anbal\Downloads\wasteoftime\Health.xlsx,Health
2025-08-05,,,,C:\Users\anbal\Downloads\wasteoftime\Hobby.xlsx,Mobile Gaming
2025-07-29,130.4,4L water,100 Bicep Curls,C:\Users\anbal\Downloads\wow gmaeee\Health.xlsx,Health
2025-07-30,,,100 Bicep Curls,C:\Users\anbal\Downloads\wow gmaeee\Health.xlsx,Health
2025-07-29,,,,C:\Users\anbal\Downloads\wow gmaeee\Hobby.xlsx,Mobile Gaming
2025-07-29,,,,C:\Users\anbal\Downloads\wow gmaeee\Wealth.xlsx,Expenditure
2025-08-19,129.8,2 Electrolyte Drink,100 Bicep Curls,C:\Users\anbal\Downloads\xdewakl\Health.xlsx,Health
2025-08-28,128.6,Electrolyte Drink,100 Bicep Curls,C:\Users\anbal\Downloads\xx512\Health.xlsx,Health
2025-11-08,128.6,2 Electrolyte Drink,60 Bicep Curls,C:\Users\anbal\Downloads\youtube clash royale hijack\Health\Health.xlsx,Health
2025-11-09,130.8,2 Electrolyte Drink,60 Bicep Curls,C:\Users\anbal\Downloads\youtube clash royale hijack\Health\Health.xlsx,Health
2025-12-06,,,,C:\Users\anbal\Downloads\yenkone\Health\Health.xlsx,Health
2025-08-04,,,,C:\Users\anbal\Downloads\whathaveigotteninto\Hobby\Hobby.xlsx,PC Gaming
2025-09-29,,,,C:\Users\anbal\Downloads\TRASH\Health\Health.xlsx,Hygiene
2025-09-29,,,,C:\Users\anbal\Downloads\TRASH\Relationship\Relationship.xlsx,Relationship
2025-07-25,,,,C:\Users\anbal\Downloads\this is wayyy failure\Y0\Hobby.xlsx,Manga
2025-07-26,,,,C:\Users\anbal\Downloads\this is wayyy failure\Y0\Hobby.xlsx,Manga
2025-07-27,,,,C:\Users\anbal\Downloads\this is wayyy failure\Y1Q1\Expenditure.xlsx,Expenditure
2025-07-27,130.8,8L water,100 Bicep Curls,C:\Users\anbal\Downloads\this is wayyy failure\Y1Q1\Health.xlsx,Health
2025-07-27,,,,C:\Users\anbal\Downloads\this is wayyy failure\Y1Q1\Hobby.xlsx,Mobile Gaming
2025-11-26,,,,C:\Users\anbal\Downloads\THIS IS FINAL FAILURE\Career\Career.xlsx,Job Application
2025-11-27,,,,C:\Users\anbal\Downloads\THIS IS FINAL FAILURE\Career\Career.xlsx,Job Application
2025-11-26,129.6,2 Electrolyte Drink,60 Bicep Curls,C:\Users\anbal\Downloads\THIS IS FINAL FAILURE\Health\Health.xlsx,Health
2025-11-27,129.6,Electrolyte Drink,,C:\Users\anbal\Downloads\THIS IS FINAL FAILURE\Health\Health.xlsx,Health
2025-11-05,131.2,Electrolyte Drink,120 Bicep Curls,C:\Users\anbal\Downloads\THIS IS END\Health\Health.xlsx,Health
2025-10-14,127.2,2 Electrolyte Drink,60 Bicep Curls,C:\Users\anbal\Downloads\THE CYCLE CONTINOUES\Health\Health.xlsx,Health
2025-10-14,,,,C:\Users\anbal\Downloads\THE CYCLE CONTINOUES\Relationship\Relationship.xlsx,Relationship
2025-10-14,,,,C:\Users\anbal\Downloads\THE CYCLE CONTINOUES\Wealth\Wealth.xlsx,Expenditure
2025-08-11,,,,C:\Users\anbal\Downloads\tenrifis\Hobby\Hobby.xlsx,PC Gaming
2025-11-22,126.4,2 Electrolyte Drink,60 Bicep Curls,C:\Users\anbal\Downloads\Tamilakam\Health\Health.xlsx,Health
2025-11-22,,,,C:\Users\anbal\Downloads\Tamilakam\Mental Health\Mental Health.xlsx,Addiction
2025-12-08,,,,C:\Users\anbal\Downloads\systemmmm\Hobby\Hobby.xlsx,TV Series
2025-11-02,130.6,Electrolyte Drink,,C:\Users\anbal\Downloads\slaverry\Health\Health.xlsx,Health
2025-11-03,,Electrolyte Drink,,C:\Users\anbal\Downloads\slaverry\Health\Health.xlsx,Health
2025-11-02,,,,C:\Users\anbal\Downloads\slaverry\Relationship\Relationship.xlsx,Relationship
2025-10-26,,,,C:\Users\anbal\Downloads\setback\Career\Career.xlsx,Job Application
2025-10-26,129.2,2 Electrolyte Drink,60 Bicep Curls,C:\Users\anbal\Downloads\setback\Health\Health.xlsx,Health
2025-10-27,128.6,Electrolyte Drink,120 Bicep Curls,C:\Users\anbal\Downloads\setback\Health\Health.xlsx,Health
2025-10-26,,,,C:\Users\anbal\Downloads\setback\Mental Health\Mental Health.xlsx,Wirehead
2025-10-26,,,,C:\Users\anbal\Downloads\setback\Relationship\Relationship.xlsx,Relationship
2025-10-26,,,,C:\Users\anbal\Downloads\setback\Wealth\Wealth.xlsx,Expenditure
2025-10-22,,,,C:\Users\anbal\Downloads\samayal\Health\Health.xlsx,Health
2025-06-29,135,4L water,60 Bicep Curls,C:\Users\anbal\Downloads\Sairam Anbalagan\3 crores\Routine.xlsx,Health
2025-07-13,134.4,2 Black Coffee,60 Bicep Curls,C:\Users\anbal\Downloads\Sairam Anbalagan\ALIENZZZ\Health.xlsx,Health
2025-07-17,132.2,8L water,60 Bicep Curls,C:\Users\anbal\Downloads\Sairam Anbalagan\Career focused\Health.xlsx,Health
2025-07-18,131.4,10L water,100 Bicep Curls,C:\Users\anbal\Downloads\Sairam Anbalagan\Career focused\Health.xlsx,Health
2025-07-19,131,6L water,100 Bicep Curls,C:\Users\anbal\Downloads\Sairam Anbalagan\Career focused\Health.xlsx,Health
2025-07-17,,,,C:\Users\anbal\Downloads\Sairam Anbalagan\Career focused\Hobby.xlsx,Comics
2025-07-18,,,,C:\Users\anbal\Downloads\Sairam Anbalagan\Career focused\Hobby.xlsx,Comics
2025-07-19,,,,C:\Users\anbal\Downloads\Sairam Anbalagan\Career focused\Hobby.xlsx,Comics
2025-07-08,133.4,Cod Liver Oil,60 Bicep Curls,C:\Users\anbal\Downloads\Sairam Anbalagan\dolun\Health.xlsx,Health
2025-07-08,,,,C:\Users\anbal\Downloads\Sairam Anbalagan\dolun\Hobby.xlsx,Movies
2025-07-16,131.6,8L water,100 Bicep Curls,C:\Users\anbal\Downloads\Sairam Anbalagan\DOOMED TO FAIL\Health.xlsx,Health
2025-07-16,,,,C:\Users\anbal\Downloads\Sairam Anbalagan\DOOMED TO FAIL\Hobby.xlsx,Anime
2025-07-03,134.2,Black Coffee,,C:\Users\anbal\Downloads\Sairam Anbalagan\DOPAMINE SLAVE\Routine.xlsx,Health
2025-07-11,133.2,8L water,80 Bicep Curls,C:\Users\anbal\Downloads\Sairam Anbalagan\eren yaeagerwoken\Health.xlsx,Health
2025-07-11,,,,C:\Users\anbal\Downloads\Sairam Anbalagan\eren yaeagerwoken\Hobby.xlsx,Movie
2025-07-11,,,,C:\Users\anbal\Downloads\Sairam Anbalagan\eren yaeagerwoken\Hobby.xlsx,Movie
2025-07-11,,,,C:\Users\anbal\Downloads\Sairam Anbalagan\eren yaeagerwoken\Relationship.xlsx,Relationship
2025-07-11,,,,C:\Users\anbal\Downloads\Sairam Anbalagan\eren yaeagerwoken\Wealth.xlsx,Expenditure
2025-07-04,136.2,,60 Bicep Curls,C:\Users\anbal\Downloads\Sairam Anbalagan\Game\Health.xlsx,Health
2025-07-09,134,8L water,100 Bicep Curls,C:\Users\anbal\Downloads\Sairam Anbalagan\I hate hollywood\Health.xlsx,Health
2025-07-10,133.8,8L water,120 Bicep Curls,C:\Users\anbal\Downloads\Sairam Anbalagan\I hate hollywood\Health.xlsx,Health
2025-07-09,,,,C:\Users\anbal\Downloads\Sairam Anbalagan\I hate hollywood\Wealth.xlsx,Wealth
2025-07-02,134.2,4L water,60 Bicep Curls,C:\Users\anbal\Downloads\Sairam Anbalagan\Monkey mode\Health.xlsx,Health
2025-07-02,,,,C:\Users\anbal\Downloads\Sairam Anbalagan\Monkey mode\Hobby.xlsx,TV Series
2025-07-15,133,2 Black Coffee,60 Bicep Curls,C:\Users\anbal\Downloads\Sairam Anbalagan\PERFECT ALIEN\Health.xlsx,Health
2025-07-15,,,,C:\Users\anbal\Downloads\Sairam Anbalagan\PERFECT ALIEN\Hobby.xlsx,Comics
2025-06-30,135.6,Black Coffee,80 Bicep Curls,C:\Users\anbal\Downloads\Sairam Anbalagan\Project Freedom\Routine.xlsx,Health
2025-07-25,131,12L water,100 Bicep Curls,C:\Users\anbal\Downloads\Sairam Anbalagan\The fall\Health.xlsx,Health
2025-07-26,129.6,4L water,100 Bicep Curls,C:\Users\anbal\Downloads\Sairam Anbalagan\The fall\Health.xlsx,Health
2025-07-25,,,,C:\Users\anbal\Downloads\Sairam Anbalagan\The fall\Wealth.xlsx,Expenditure
2025-07-05,,,,C:\Users\anbal\Downloads\Sairam Anbalagan\Video Game\Happiness.xlsx,Sex
2025-07-06,,,,C:\Users\anbal\Downloads\Sairam Anbalagan\Video Game\Happiness.xlsx,Sex
2025-07-05,135,2 Black Coffee,60 Bicep Curls,C:\Users\anbal\Downloads\Sairam Anbalagan\Video Game\Health.xlsx,Health
2025-07-06,135,Black Coffee,60 Bicep Curls,C:\Users\anbal\Downloads\Sairam Anbalagan\Video Game\Health.xlsx,Health
2025-07-07,132.6,Black Coffee,100 Bicep Curls,C:\Users\anbal\Downloads\Sairam Anbalagan\Video Game\Health.xlsx,Health
2025-07-05,,,,C:\Users\anbal\Downloads\Sairam Anbalagan\Video Game\Relationship.xlsx,Relationship
2025-07-24,,,,C:\Users\anbal\Downloads\Sairam Anbalagan\yugana yogi\Hobby\Hobby.xlsx,Mobile Gaming
2025-07-01,135.2,8L water,100 Bicep Curls,C:\Users\anbal\Downloads\Sairam Anbalagan\WAR\Q3FY25\Health\Health.xlsx,Routine
2025-07-21,,,,C:\Users\anbal\Downloads\Sairam Anbalagan\thts the thing\Hobby\Hobby.xlsx,Movie
2025-07-12,,,,C:\Users\anbal\Downloads\Sairam Anbalagan\THE SECRET\Hobby\Hobby.xlsx,Movie
2025-07-25,,,,C:\Users\anbal\Downloads\Sairam Anbalagan\The fall\Hobby\Hobby.xlsx,Manga
2025-07-26,,,,C:\Users\anbal\Downloads\Sairam Anbalagan\The fall\Hobby\Hobby.xlsx,Manga
2025-07-20,,,,C:\Users\anbal\Downloads\Sairam Anbalagan\snow white\Hobby\Hobby.xlsx,Movie
2025-07-23,,,,C:\Users\anbal\Downloads\Sairam Anbalagan\nu\Hobby\Hobby.xlsx,Mobile Gaming
2025-07-09,,,,C:\Users\anbal\Downloads\Sairam Anbalagan\I hate hollywood\Hobby\Hobby.xlsx,Movie
2025-07-10,,,,C:\Users\anbal\Downloads\Sairam Anbalagan\I hate hollywood\Hobby\Hobby.xlsx,Movie
2025-07-10,,,,C:\Users\anbal\Downloads\Sairam Anbalagan\ENUF IS ENUF\Hobby\Hobby.xlsx,Movie
2025-07-21,,,,C:\Users\anbal\Downloads\Sairam Anbalagan\CRY OF FALL\Hobby\Hobby.xlsx,Comic
2025-07-13,,,,C:\Users\anbal\Downloads\Sairam Anbalagan\ALIENZZZ\Hobby\Entertainment.xlsx,Comic
2025-07-13,,,,C:\Users\anbal\Downloads\Sairam Anbalagan\ALIENZZZ\Hobby\Hobby.xlsx,Comics
2025-07-13,,,,C:\Users\anbal\Downloads\Sairam Anbalagan\ALIENZZZ\Hobby\Hobby.xlsx,Comics
2025-07-13,,,,C:\Users\anbal\Downloads\Sairam Anbalagan\ALIENZZZ\Hobby\Hobby.xlsx,Comics
2025-07-13,,,,C:\Users\anbal\Downloads\Sairam Anbalagan\ALIENZZZ\Hobby\Sex.xlsx,Sex
2025-07-20,132,8L water,100 Bicep Curls,C:\Users\anbal\Downloads\Sairam Anbalagan\20th june\Health\Health.xlsx,Health
2025-07-20,,,,C:\Users\anbal\Downloads\Sairam Anbalagan\20th june\Hobby\Hobby.xlsx,Anime
2025-07-20,,,,C:\Users\anbal\Downloads\Sairam Anbalagan\20th june\Wealth\Wealth.xlsx,Expenditure
2025-11-24,128.2,3 Electrolyte Drink,60 Bicep Curls,C:\Users\anbal\Downloads\PROMISE\Health\Health.xlsx,Health
2025-11-24,,,,C:\Users\anbal\Downloads\PROMISE\Relationship\Relationship.xlsx,Relationship
2025-12-06,,,,C:\Users\anbal\Downloads\predictiveee\Dopamine\Dopamine.xlsx,Dopamine
2025-10-03,,,,C:\Users\anbal\Downloads\NEVER AGAIN\Career\Career.xlsx,Study
2025-10-03,129.6,3 Electrolyte Drink,60 Bicep Curls,C:\Users\anbal\Downloads\NEVER AGAIN\Health\Health.xlsx,Health
2025-10-03,,,,C:\Users\anbal\Downloads\NEVER AGAIN\Relationship\Relationship.xlsx,Relationship
2025-10-03,,,,C:\Users\anbal\Downloads\NEVER AGAIN\Relationship\Relationship.xlsx,Relationship
2025-01-03,,,,C:\Users\anbal\Downloads\NEVER AGAIN\Wealth\Wealth.xlsx,Expenditure
2025-08-01,,,,C:\Users\anbal\Downloads\NAVY HERON\Hobby\Hobby.xlsx,Mobile Gaming
2025-07-14,,,,C:\Users\anbal\Downloads\munki\Hobby\Hobby.xlsx,Movie
2025-11-13,,Spinach,60 Bicep Curls,C:\Users\anbal\Downloads\movie launch\Health\Health.xlsx,Health
2025-11-13,,,,C:\Users\anbal\Downloads\movie launch\Health\Mental Health.xlsx,Addiction
2025-09-10,128.2,2 Electrolyte Drink,60 Bicep Curls,C:\Users\anbal\Downloads\Momento Mori\Health\Health.xlsx,Health
2025-10-30,129.8,Electrolyte Drink,,C:\Users\anbal\Downloads\MASTERCALLS NI FAILURE\Health\Health.xlsx,Health
2025-11-19,,Electrolyte Drink,,C:\Users\anbal\Downloads\LAST FAILURE\Health\Health.xlsx,Health
2025-11-19,,,,C:\Users\anbal\Downloads\LAST FAILURE\Mental Health\Mental Health.xlsx,Sex
2025-07-14,,,,C:\Users\anbal\Downloads\I HAD ENOUGH IS ENOUGHHHH\Hobby\Hobby.xlsx,Comic
2025-08-30,130.6,Electrolyte Drink,100 Bicep Curls,C:\Users\anbal\Downloads\finetune\Health\Health.xlsx,Health
2025-08-29,,,,C:\Users\anbal\Downloads\finetune\Hobby\Hobby.xlsx,PC Gaming
2025-08-30,,,,C:\Users\anbal\Downloads\finetune\Relationship\Relationship.xlsx,Relationship
2025-08-30,,,,C:\Users\anbal\Downloads\finetune\Relationship\Relationship.xlsx,Relationship
2025-08-30,,,,C:\Users\anbal\Downloads\finetune\Wealth\Wealth.xlsx,Expenditure
2025-08-02,,,,C:\Users\anbal\Downloads\FINAL DEFEAT\Hobby\Hobby.xlsx,PC Gaming
2025-11-07,,,,C:\Users\anbal\Downloads\fakeeeye\Career\Job Application.xlsx,Job Application
2025-11-07,,,,C:\Users\anbal\Downloads\fakeeeye\Career\Job Application.xlsx,Job Application
2025-11-07,,,,C:\Users\anbal\Downloads\fakeeeye\Career\Job Application.xlsx,Job Application
2025-11-07,,,,C:\Users\anbal\Downloads\fakeeeye\Career\Job Application.xlsx,Job Application
2025-11-07,,,,C:\Users\anbal\Downloads\fakeeeye\Career\Job Application.xlsx,Job Application
2025-11-07,,,,C:\Users\anbal\Downloads\fakeeeye\Career\Job Application.xlsx,Job Application
2025-11-07,,,,C:\Users\anbal\Downloads\fakeeeye\Career\Job Application.xlsx,Job Application
2025-11-05,,Electrolyte Drink,120 Bicep Curls,C:\Users\anbal\Downloads\fakeeeye\Health\Health.xlsx,Health
2025-11-14,,,,C:\Users\anbal\Downloads\FAILURE\Career\Career.xlsx,Job Application
2025-11-14,133.2,2 Electrolyte Drink,120 Bicep Curls,C:\Users\anbal\Downloads\FAILURE\Health\Health.xlsx,Health
2025-11-14,,,,C:\Users\anbal\Downloads\FAILURE\Relationship\Relationship.xlsx,Relationship
2025-11-14,,,,C:\Users\anbal\Downloads\FAILURE\Health\Mental Health\Mental Health.xlsx,Sex
2025-11-01,130,,120 Bicep Curls,C:\Users\anbal\Downloads\FAILED\Health\Health.xlsx,Health
2025-11-01,,,,C:\Users\anbal\Downloads\FAILED\Health\Mental Health.xlsx,Dopamine
2025-11-25,,,60 Kettle Twists,C:\Users\anbal\Downloads\end of ERA\Health\Health.xlsx,Health
2025-11-25,,,,C:\Users\anbal\Downloads\end of ERA\Wealth\Wealth.xlsx,Expenditure
2025-10-28,,,,C:\Users\anbal\Downloads\destiny\Career\Career.xlsx,Career
2025-10-28,,Electrolyte Drink,,C:\Users\anbal\Downloads\destiny\Health\Health.xlsx,Health
2025-10-28,,,,C:\Users\anbal\Downloads\destiny\Mental Health\Mental Health.xlsx,Dopamine
2025-11-25,,Electrolyte Drink,20 Lateral Raises,C:\Users\anbal\Downloads\death of self\Health\Health.xlsx,Health
2025-09-01,,,,C:\Users\anbal\Downloads\DEATH BY DOPAMINE\Career\Career.xlsx,Career
2025-09-01,,,,C:\Users\anbal\Downloads\DEATH BY DOPAMINE\Career\Career.xlsx,Career
2025-09-01,132,2 Black Coffee,60 Bicep Curls,C:\Users\anbal\Downloads\DEATH BY DOPAMINE\Health\Health.xlsx,Health
2025-09-02,131.2,2 Black Coffee,60 Bicep Curls,C:\Users\anbal\Downloads\DEATH BY DOPAMINE\Health\Health.xlsx,Health
2025-09-03,130,2 Black Coffee,60 Bicep Curls,C:\Users\anbal\Downloads\DEATH BY DOPAMINE\Health\Health.xlsx,Health
2025-09-04,128.6,2 Black Coffee,60 Bicep Curls,C:\Users\anbal\Downloads\DEATH BY DOPAMINE\Health\Health.xlsx,Health
2025-09-05,131.6,2 Black Coffee,60 Bicep Curls,C:\Users\anbal\Downloads\DEATH BY DOPAMINE\Health\Health.xlsx,Health
2025-09-06,131,2 Black Coffee,60 Bicep Curls,C:\Users\anbal\Downloads\DEATH BY DOPAMINE\Health\Health.xlsx,Health
2025-09-07,130,2 Black Coffee,60 Bicep Curls,C:\Users\anbal\Downloads\DEATH BY DOPAMINE\Health\Health.xlsx,Health
2025-09-01,,,,C:\Users\anbal\Downloads\DEATH BY DOPAMINE\Relationship\Relationship.xlsx,Relationship
2025-09-02,,,,C:\Users\anbal\Downloads\DEATH BY DOPAMINE\Relationship\Relationship.xlsx,Relationship
2025-09-04,,,,C:\Users\anbal\Downloads\DEATH BY DOPAMINE\Relationship\Relationship.xlsx,Relationship
2025-09-01,,,,C:\Users\anbal\Downloads\DEATH BY DOPAMINE\Wealth\Wealth.xlsx,Expenditure
2025-09-03,,,,C:\Users\anbal\Downloads\DEATH BY DOPAMINE\Wealth\Wealth.xlsx,Expenditure
2025-09-04,,,,C:\Users\anbal\Downloads\DEATH BY DOPAMINE\Wealth\Wealth.xlsx,Expenditure
2025-09-05,,,,C:\Users\anbal\Downloads\DEATH BY DOPAMINE\Wealth\Wealth.xlsx,Expenditure
2025-09-21,,Electrolyte Drink,60,C:\Users\anbal\Downloads\DEAD\Health\Health.xlsx,Health
2025-08-21,,,,C:\Users\anbal\Downloads\CONTAIN N CONTROL\Hobby\Hobby.xlsx,PC Gaming
2025-11-28,,,,C:\Users\anbal\Downloads\close eyes\Health\Health.xlsx,Health
2025-08-31,131,Electrolyte Drink,100 Bicep Curls,C:\Users\anbal\Downloads\A   D HD\Health\Health.xlsx,Health
2025-06-04,,,,C:\Users\anbal\Downloads\1\all in 1\Social Media.xlsx,Youtube
2025-05-10,,,,C:\Users\anbal\Downloads\1\Hobby\Cartoon.xlsx,Sheet1
2025-05-11,,,,C:\Users\anbal\Downloads\1\Hobby\Cartoon.xlsx,Sheet1
2025-05-12,,,,C:\Users\anbal\Downloads\1\Hobby\Cartoon.xlsx,Sheet1
2025-05-13,,,,C:\Users\anbal\Downloads\1\Hobby\Cartoon.xlsx,Sheet1
2025-05-14,,,,C:\Users\anbal\Downloads\1\Hobby\Cartoon.xlsx,Sheet1
2025-05-16,,,,C:\Users\anbal\Downloads\1\Hobby\Cartoon.xlsx,Sheet1
2025-05-19,,,,C:\Users\anbal\Downloads\1\Hobby\Spotify.xlsx,Spotify
2025-05-15,,,,C:\Users\anbal\Downloads\1\Hobby\Stimulation.xlsx,Spotify
2025-05-16,,,,C:\Users\anbal\Downloads\1\Hobby\Stimulation.xlsx,Spotify
2025-05-16,,,,C:\Users\anbal\Downloads\1\Hobby\Video Gaming.xlsx,Video Gaming
